SubID,PartnerID,dyad,computer,subjectInitials,raName,sessionTime,sessionDate,timestamp,taskOrder,Rating,EmoRating,EmoRating_Person,Time,stopTime,Movietime,Shift,Description,trialNumber,softwareVersion
23132,123,1,Left,123,123,00:32,13213-12-31,2026-06-10T08:18:53.355Z,1,59.92,NA,self,1.30,150,0.00,0,,1,2.0.0
23132,123,1,Left,123,123,00:32,13213-12-31,2026-06-10T08:18:53.460Z,1,60.70,NA,self,1.41,150,0.11,0,,1,2.0.0
23132,123,1,Left,123,123,00:32,13213-12-31,2026-06-10T08:18:53.556Z,1,29.92,NA,self,1.51,150,0.21,0,,1,2.0.0
23132,123,1,Left,123,123,00:32,13213-12-31,2026-06-10T08:18:53.650Z,1,22.34,NA,self,1.60,150,0.30,0,,1,2.0.0
23132,123,1,Left,123,123,00:32,13213-12-31,2026-06-10T08:18:53.760Z,1,22.50,NA,self,1.71,150,0.41,0,,1,2.0.0
23132,123,1,Left,123,123,00:32,13213-12-31,2026-06-10T08:18:53.854Z,1,22.50,NA,self,1.80,150,0.50,0,,1,2.0.0
23132,123,1,Left,123,123,00:32,13213-12-31,2026-06-10T08:18:53.961Z,1,22.66,NA,self,1.91,150,0.61,0,,1,2.0.0
23132,123,1,Left,123,123,00:32,13213-12-31,2026-06-10T08:18:54.053Z,1,45.63,NA,self,2.00,150,0.70,0,,1,2.0.0
23132,123,1,Left,123,123,00:32,13213-12-31,2026-06-10T08:18:54.162Z,1,84.61,NA,self,2.11,150,0.81,0,,1,2.0.0
23132,123,1,Left,123,123,00:32,13213-12-31,2026-06-10T08:18:54.252Z,1,83.98,NA,self,2.20,150,0.90,0,,1,2.0.0
23132,123,1,Left,123,123,00:32,13213-12-31,2026-06-10T08:18:54.360Z,1,83.67,NA,self,2.31,150,1.01,0,,1,2.0.0
23132,123,1,Left,123,123,00:32,13213-12-31,2026-06-10T08:18:54.455Z,1,47.50,NA,self,2.40,150,1.10,0,,1,2.0.0
23132,123,1,Left,123,123,00:32,13213-12-31,2026-06-10T08:18:54.559Z,1,21.41,NA,self,2.51,150,1.21,0,,1,2.0.0
23132,123,1,Left,123,123,00:32,13213-12-31,2026-06-10T08:18:54.657Z,1,21.72,NA,self,2.61,150,1.31,0,,1,2.0.0
23132,123,1,Left,123,123,00:32,13213-12-31,2026-06-10T08:18:54.760Z,1,21.95,NA,self,2.71,150,1.41,0,,1,2.0.0
23132,123,1,Left,123,123,00:32,13213-12-31,2026-06-10T08:18:54.862Z,1,64.38,NA,self,2.81,150,1.51,0,,1,2.0.0
23132,123,1,Left,123,123,00:32,13213-12-31,2026-06-10T08:18:54.954Z,1,88.59,NA,self,2.90,150,1.60,0,,1,2.0.0
23132,123,1,Left,123,123,00:32,13213-12-31,2026-06-10T08:18:55.051Z,1,88.59,NA,self,3.00,150,1.70,0,,1,2.0.0
23132,123,1,Left,123,123,00:32,13213-12-31,2026-06-10T08:18:55.157Z,1,87.27,NA,self,3.11,150,1.81,0,,1,2.0.0
23132,123,1,Left,123,123,00:32,13213-12-31,2026-06-10T08:18:55.252Z,1,87.19,NA,self,3.20,150,1.90,0,,1,2.0.0
23132,123,1,Left,123,123,00:32,13213-12-31,2026-06-10T08:18:55.360Z,1,63.28,NA,self,3.31,150,2.01,0,,1,2.0.0
23132,123,1,Left,123,123,00:32,13213-12-31,2026-06-10T08:18:55.451Z,1,24.22,NA,self,3.40,150,2.10,0,,1,2.0.0
23132,123,1,Left,123,123,00:32,13213-12-31,2026-06-10T08:18:55.560Z,1,25.23,NA,self,3.51,150,2.21,0,,1,2.0.0
23132,123,1,Left,123,123,00:32,13213-12-31,2026-06-10T08:18:55.653Z,1,25.23,NA,self,3.60,150,2.30,0,,1,2.0.0
23132,123,1,Left,123,123,00:32,13213-12-31,2026-06-10T08:18:55.761Z,1,38.59,NA,self,3.71,150,2.41,0,,1,2.0.0
23132,123,1,Left,123,123,00:32,13213-12-31,2026-06-10T08:18:55.856Z,1,89.14,NA,self,3.81,150,2.51,0,,1,2.0.0
23132,123,1,Left,123,123,00:32,13213-12-31,2026-06-10T08:18:55.956Z,1,89.22,NA,self,3.91,150,2.61,0,,1,2.0.0
23132,123,1,Left,123,123,00:32,13213-12-31,2026-06-10T08:18:56.058Z,1,88.75,NA,self,4.01,150,2.71,0,,1,2.0.0
23132,123,1,Left,123,123,00:32,13213-12-31,2026-06-10T08:18:56.152Z,1,73.20,NA,self,4.10,150,2.80,0,,1,2.0.0
23132,123,1,Left,123,123,00:32,13213-12-31,2026-06-10T08:18:56.251Z,1,21.33,NA,self,4.20,150,2.90,0,,1,2.0.0
23132,123,1,Left,123,123,00:32,13213-12-31,2026-06-10T08:18:56.356Z,1,22.66,NA,self,4.31,150,3.00,0,,1,2.0.0
23132,123,1,Left,123,123,00:32,13213-12-31,2026-06-10T08:18:56.452Z,1,22.66,NA,self,4.40,150,3.10,0,,1,2.0.0
23132,123,1,Left,123,123,00:32,13213-12-31,2026-06-10T08:18:56.555Z,1,22.89,NA,self,4.50,150,3.20,0,,1,2.0.0
23132,123,1,Left,123,123,00:32,13213-12-31,2026-06-10T08:18:56.664Z,1,22.89,NA,self,4.61,150,3.31,0,,1,2.0.0
23132,123,1,Left,123,123,00:32,13213-12-31,2026-06-10T08:18:56.758Z,1,22.89,NA,self,4.71,150,3.41,0,,1,2.0.0
23132,123,1,Left,123,123,00:32,13213-12-31,2026-06-10T08:18:56.852Z,1,42.66,NA,self,4.80,150,3.50,0,,1,2.0.0
23132,123,1,Left,123,123,00:32,13213-12-31,2026-06-10T08:18:56.952Z,1,88.13,NA,self,4.90,150,3.60,0,,1,2.0.0
23132,123,1,Left,123,123,00:32,13213-12-31,2026-06-10T08:18:57.053Z,1,87.34,NA,self,5.00,150,3.70,0,,1,2.0.0
23132,123,1,Left,123,123,00:32,13213-12-31,2026-06-10T08:18:57.152Z,1,87.34,NA,self,5.10,150,3.80,0,,1,2.0.0
23132,123,1,Left,123,123,00:32,13213-12-31,2026-06-10T08:18:57.255Z,1,87.11,NA,self,5.21,150,3.90,0,,1,2.0.0
23132,123,1,Left,123,123,00:32,13213-12-31,2026-06-10T08:18:57.358Z,1,87.11,NA,self,5.31,150,4.01,0,,1,2.0.0
23132,123,1,Left,123,123,00:32,13213-12-31,2026-06-10T08:18:57.457Z,1,62.11,NA,self,5.41,150,4.11,0,,1,2.0.0
23132,123,1,Left,123,123,00:32,13213-12-31,2026-06-10T08:18:57.556Z,1,0.63,NA,self,5.51,150,4.21,0,,1,2.0.0
23132,123,1,Left,123,123,00:32,13213-12-31,2026-06-10T08:18:57.658Z,1,0.94,NA,self,5.61,150,4.31,0,,1,2.0.0
23132,123,1,Left,123,123,00:32,13213-12-31,2026-06-10T08:18:57.751Z,1,0.94,NA,self,5.70,150,4.40,0,,1,2.0.0
23132,123,1,Left,123,123,00:32,13213-12-31,2026-06-10T08:18:57.851Z,1,0.94,NA,self,5.80,150,4.50,0,,1,2.0.0
23132,123,1,Left,123,123,00:32,13213-12-31,2026-06-10T08:18:57.951Z,1,0.94,NA,self,5.90,150,4.60,0,,1,2.0.0
23132,123,1,Left,123,123,00:32,13213-12-31,2026-06-10T08:18:58.061Z,1,0.94,NA,self,6.01,150,4.71,0,,1,2.0.0
23132,123,1,Left,123,123,00:32,13213-12-31,2026-06-10T08:18:58.153Z,1,1.02,NA,self,6.10,150,4.80,0,,1,2.0.0
23132,123,1,Left,123,123,00:32,13213-12-31,2026-06-10T08:18:58.259Z,1,6.88,NA,self,6.21,150,4.91,0,,1,2.0.0
23132,123,1,Left,123,123,00:32,13213-12-31,2026-06-10T08:18:58.358Z,1,6.88,NA,self,6.31,150,5.01,0,,1,2.0.0
23132,123,1,Left,123,123,00:32,13213-12-31,2026-06-10T08:18:58.452Z,1,6.88,NA,self,6.40,150,5.10,0,,1,2.0.0
23132,123,1,Left,123,123,00:32,13213-12-31,2026-06-10T08:18:58.550Z,1,7.03,NA,self,6.50,150,5.20,0,,1,2.0.0
23132,123,1,Left,123,123,00:32,13213-12-31,2026-06-10T08:18:58.656Z,1,7.73,NA,self,6.61,150,5.30,0,,1,2.0.0
23132,123,1,Left,123,123,00:32,13213-12-31,2026-06-10T08:18:58.760Z,1,7.73,NA,self,6.71,150,5.41,0,,1,2.0.0
23132,123,1,Left,123,123,00:32,13213-12-31,2026-06-10T08:18:58.850Z,1,10.31,NA,self,6.80,150,5.50,0,,1,2.0.0
23132,123,1,Left,123,123,00:32,13213-12-31,2026-06-10T08:18:58.961Z,1,15.16,NA,self,6.91,150,5.61,0,,1,2.0.0
23132,123,1,Left,123,123,00:32,13213-12-31,2026-06-10T08:18:59.058Z,1,17.66,NA,self,7.01,150,5.71,0,,1,2.0.0
23132,123,1,Left,123,123,00:32,13213-12-31,2026-06-10T08:18:59.153Z,1,19.84,NA,self,7.10,150,5.80,0,,1,2.0.0
23132,123,1,Left,123,123,00:32,13213-12-31,2026-06-10T08:18:59.260Z,1,22.42,NA,self,7.21,150,5.91,0,,1,2.0.0
23132,123,1,Left,123,123,00:32,13213-12-31,2026-06-10T08:18:59.354Z,1,26.56,NA,self,7.30,150,6.00,0,,1,2.0.0
23132,123,1,Left,123,123,00:32,13213-12-31,2026-06-10T08:18:59.454Z,1,27.81,NA,self,7.40,150,6.10,0,,1,2.0.0
23132,123,1,Left,123,123,00:32,13213-12-31,2026-06-10T08:18:59.554Z,1,28.75,NA,self,7.50,150,6.20,0,,1,2.0.0
23132,123,1,Left,123,123,00:32,13213-12-31,2026-06-10T08:18:59.654Z,1,31.72,NA,self,7.60,150,6.30,0,,1,2.0.0
23132,123,1,Left,123,123,00:32,13213-12-31,2026-06-10T08:18:59.750Z,1,35.23,NA,self,7.70,150,6.40,0,,1,2.0.0
23132,123,1,Left,123,123,00:32,13213-12-31,2026-06-10T08:18:59.859Z,1,38.52,NA,self,7.81,150,6.51,0,,1,2.0.0
23132,123,1,Left,123,123,00:32,13213-12-31,2026-06-10T08:18:59.954Z,1,40.47,NA,self,7.90,150,6.60,0,,1,2.0.0
23132,123,1,Left,123,123,00:32,13213-12-31,2026-06-10T08:19:00.059Z,1,44.06,NA,self,8.01,150,6.71,0,,1,2.0.0
23132,123,1,Left,123,123,00:32,13213-12-31,2026-06-10T08:19:00.157Z,1,47.58,NA,self,8.11,150,6.81,0,,1,2.0.0
23132,123,1,Left,123,123,00:32,13213-12-31,2026-06-10T08:19:00.253Z,1,49.22,NA,self,8.20,150,6.90,0,,1,2.0.0
23132,123,1,Left,123,123,00:32,13213-12-31,2026-06-10T08:19:00.359Z,1,55.94,NA,self,8.31,150,7.01,0,,1,2.0.0
23132,123,1,Left,123,123,00:32,13213-12-31,2026-06-10T08:19:00.455Z,1,59.06,NA,self,8.40,150,7.10,0,,1,2.0.0
23132,123,1,Left,123,123,00:32,13213-12-31,2026-06-10T08:19:00.553Z,1,61.41,NA,self,8.50,150,7.20,0,,1,2.0.0
23132,123,1,Left,123,123,00:32,13213-12-31,2026-06-10T08:19:00.655Z,1,64.53,NA,self,8.61,150,7.30,0,,1,2.0.0
23132,123,1,Left,123,123,00:32,13213-12-31,2026-06-10T08:19:00.759Z,1,66.95,NA,self,8.71,150,7.41,0,,1,2.0.0
23132,123,1,Left,123,123,00:32,13213-12-31,2026-06-10T08:19:00.854Z,1,72.34,NA,self,8.80,150,7.50,0,,1,2.0.0
23132,123,1,Left,123,123,00:32,13213-12-31,2026-06-10T08:19:00.952Z,1,72.34,NA,self,8.90,150,7.60,0,,1,2.0.0
23132,123,1,Left,123,123,00:32,13213-12-31,2026-06-10T08:19:01.059Z,1,79.53,NA,self,9.01,150,7.71,0,,1,2.0.0
23132,123,1,Left,123,123,00:32,13213-12-31,2026-06-10T08:19:01.155Z,1,84.45,NA,self,9.11,150,7.80,0,,1,2.0.0
23132,123,1,Left,123,123,00:32,13213-12-31,2026-06-10T08:19:01.258Z,1,95.08,NA,self,9.21,150,7.91,0,,1,2.0.0
23132,123,1,Left,123,123,00:32,13213-12-31,2026-06-10T08:19:01.355Z,1,99.69,NA,self,9.30,150,8.00,0,,1,2.0.0
23132,123,1,Left,123,123,00:32,13213-12-31,2026-06-10T08:19:01.458Z,1,99.69,NA,self,9.41,150,8.11,0,,1,2.0.0
23132,123,1,Left,123,123,00:32,13213-12-31,2026-06-10T08:19:01.551Z,1,99.69,NA,self,9.50,150,8.20,0,,1,2.0.0
23132,123,1,Left,123,123,00:32,13213-12-31,2026-06-10T08:19:01.652Z,1,99.69,NA,self,9.60,150,8.30,0,,1,2.0.0
23132,123,1,Left,123,123,00:32,13213-12-31,2026-06-10T08:19:01.760Z,1,99.69,NA,self,9.71,150,8.41,0,,1,2.0.0
23132,123,1,Left,123,123,00:32,13213-12-31,2026-06-10T08:19:01.853Z,1,99.69,NA,self,9.80,150,8.50,0,,1,2.0.0
23132,123,1,Left,123,123,00:32,13213-12-31,2026-06-10T08:19:01.962Z,1,99.69,NA,self,9.91,150,8.61,0,,1,2.0.0
23132,123,1,Left,123,123,00:32,13213-12-31,2026-06-10T08:19:02.055Z,1,99.69,NA,self,10.01,150,8.70,0,,1,2.0.0
23132,123,1,Left,123,123,00:32,13213-12-31,2026-06-10T08:19:02.165Z,1,99.69,NA,self,10.12,150,8.81,0,,1,2.0.0
23132,123,1,Left,123,123,00:32,13213-12-31,2026-06-10T08:19:02.257Z,1,99.69,NA,self,10.21,150,8.91,0,,1,2.0.0
23132,123,1,Left,123,123,00:32,13213-12-31,2026-06-10T08:19:02.364Z,1,99.69,NA,self,10.31,150,9.01,0,,1,2.0.0
23132,123,1,Left,123,123,00:32,13213-12-31,2026-06-10T08:19:02.454Z,1,99.69,NA,self,10.40,150,9.10,0,,1,2.0.0
23132,123,1,Left,123,123,00:32,13213-12-31,2026-06-10T08:19:02.567Z,1,99.69,NA,self,10.52,150,9.22,0,,1,2.0.0
23132,123,1,Left,123,123,00:32,13213-12-31,2026-06-10T08:19:02.660Z,1,99.69,NA,self,10.61,150,9.31,0,,1,2.0.0
23132,123,1,Left,123,123,00:32,13213-12-31,2026-06-10T08:19:02.754Z,1,99.69,NA,self,10.70,150,9.40,0,,1,2.0.0
23132,123,1,Left,123,123,00:32,13213-12-31,2026-06-10T08:19:02.863Z,1,99.69,NA,self,10.81,150,9.51,0,,1,2.0.0
23132,123,1,Left,123,123,00:32,13213-12-31,2026-06-10T08:19:02.955Z,1,99.69,NA,self,10.90,150,9.60,0,,1,2.0.0
23132,123,1,Left,123,123,00:32,13213-12-31,2026-06-10T08:19:03.059Z,1,99.69,NA,self,11.01,150,9.71,0,,1,2.0.0
23132,123,1,Left,123,123,00:32,13213-12-31,2026-06-10T08:19:03.161Z,1,99.69,NA,self,11.11,150,9.81,0,,1,2.0.0
23132,123,1,Left,123,123,00:32,13213-12-31,2026-06-10T08:19:03.255Z,1,98.83,NA,self,11.21,150,9.90,0,,1,2.0.0
23132,123,1,Left,123,123,00:32,13213-12-31,2026-06-10T08:19:03.360Z,1,96.64,NA,self,11.31,150,10.01,0,,1,2.0.0
23132,123,1,Left,123,123,00:32,13213-12-31,2026-06-10T08:19:03.457Z,1,92.73,NA,self,11.41,150,10.11,0,,1,2.0.0
23132,123,1,Left,123,123,00:32,13213-12-31,2026-06-10T08:19:03.562Z,1,88.83,NA,self,11.51,150,10.21,0,,1,2.0.0
23132,123,1,Left,123,123,00:32,13213-12-31,2026-06-10T08:19:03.660Z,1,83.91,NA,self,11.61,150,10.31,0,,1,2.0.0
23132,123,1,Left,123,123,00:32,13213-12-31,2026-06-10T08:19:03.755Z,1,77.66,NA,self,11.71,150,10.40,0,,1,2.0.0
23132,123,1,Left,123,123,00:32,13213-12-31,2026-06-10T08:19:03.850Z,1,69.53,NA,self,11.80,150,10.50,0,,1,2.0.0
23132,123,1,Left,123,123,00:32,13213-12-31,2026-06-10T08:19:03.961Z,1,62.58,NA,self,11.91,150,10.61,0,,1,2.0.0
23132,123,1,Left,123,123,00:32,13213-12-31,2026-06-10T08:19:04.052Z,1,58.91,NA,self,12.00,150,10.70,0,,1,2.0.0
23132,123,1,Left,123,123,00:32,13213-12-31,2026-06-10T08:19:04.160Z,1,56.64,NA,self,12.11,150,10.81,0,,1,2.0.0
23132,123,1,Left,123,123,00:32,13213-12-31,2026-06-10T08:19:04.256Z,1,55.78,NA,self,12.21,150,10.91,0,,1,2.0.0
23132,123,1,Left,123,123,00:32,13213-12-31,2026-06-10T08:19:04.364Z,1,55.63,NA,self,12.31,150,11.01,0,,1,2.0.0
23132,123,1,Left,123,123,00:32,13213-12-31,2026-06-10T08:19:04.458Z,1,55.63,NA,self,12.41,150,11.11,0,,1,2.0.0
23132,123,1,Left,123,123,00:32,13213-12-31,2026-06-10T08:19:04.550Z,1,55.47,NA,self,12.50,150,11.20,0,,1,2.0.0
23132,123,1,Left,123,123,00:32,13213-12-31,2026-06-10T08:19:04.659Z,1,54.30,NA,self,12.61,150,11.31,0,,1,2.0.0
23132,123,1,Left,123,123,00:32,13213-12-31,2026-06-10T08:19:04.753Z,1,53.52,NA,self,12.70,150,11.40,0,,1,2.0.0
23132,123,1,Left,123,123,00:32,13213-12-31,2026-06-10T08:19:04.853Z,1,53.13,NA,self,12.80,150,11.50,0,,1,2.0.0
23132,123,1,Left,123,123,00:32,13213-12-31,2026-06-10T08:19:04.952Z,1,52.97,NA,self,12.90,150,11.60,0,,1,2.0.0
23132,123,1,Left,123,123,00:32,13213-12-31,2026-06-10T08:19:05.052Z,1,52.27,NA,self,13.00,150,11.70,0,,1,2.0.0
23132,123,1,Left,123,123,00:32,13213-12-31,2026-06-10T08:19:05.159Z,1,51.17,NA,self,13.11,150,11.81,0,,1,2.0.0
23132,123,1,Left,123,123,00:32,13213-12-31,2026-06-10T08:19:05.256Z,1,48.75,NA,self,13.21,150,11.91,0,,1,2.0.0
23132,123,1,Left,123,123,00:32,13213-12-31,2026-06-10T08:19:05.352Z,1,48.52,NA,self,13.30,150,12.00,0,,1,2.0.0
23132,123,1,Left,123,123,00:32,13213-12-31,2026-06-10T08:19:05.456Z,1,61.41,NA,self,13.41,150,12.10,0,,1,2.0.0
23132,123,1,Left,123,123,00:32,13213-12-31,2026-06-10T08:19:05.560Z,1,65.47,NA,self,13.51,150,12.21,0,,1,2.0.0
23132,123,1,Left,123,123,00:32,13213-12-31,2026-06-10T08:19:05.658Z,1,55.47,NA,self,13.61,150,12.31,0,,1,2.0.0
23132,123,1,Left,123,123,00:32,13213-12-31,2026-06-10T08:19:05.751Z,1,56.25,NA,self,13.70,150,12.40,0,,1,2.0.0
23132,123,1,Left,123,123,00:32,13213-12-31,2026-06-10T08:19:05.851Z,1,64.38,NA,self,13.80,150,12.50,0,,1,2.0.0
23132,123,1,Left,123,123,00:32,13213-12-31,2026-06-10T08:19:05.955Z,1,64.38,NA,self,13.90,150,12.60,0,,1,2.0.0
23132,123,1,Left,123,123,00:32,13213-12-31,2026-06-10T08:19:06.060Z,1,52.42,NA,self,14.01,150,12.71,0,,1,2.0.0
23132,123,1,Left,123,123,00:32,13213-12-31,2026-06-10T08:19:06.151Z,1,59.06,NA,self,14.10,150,12.80,0,,1,2.0.0
23132,123,1,Left,123,123,00:32,13213-12-31,2026-06-10T08:19:06.252Z,1,61.48,NA,self,14.20,150,12.90,0,,1,2.0.0
23132,123,1,Left,123,123,00:32,13213-12-31,2026-06-10T08:19:06.359Z,1,32.03,NA,self,14.31,150,13.01,0,,1,2.0.0
23132,123,1,Left,123,123,00:32,13213-12-31,2026-06-10T08:19:06.452Z,1,22.81,NA,self,14.40,150,13.10,0,,1,2.0.0
23132,123,1,Left,123,123,00:32,13213-12-31,2026-06-10T08:19:06.565Z,1,22.73,NA,self,14.52,150,13.21,0,,1,2.0.0
23132,123,1,Left,123,123,00:32,13213-12-31,2026-06-10T08:19:06.658Z,1,22.73,NA,self,14.61,150,13.31,0,,1,2.0.0
23132,123,1,Left,123,123,00:32,13213-12-31,2026-06-10T08:19:06.750Z,1,23.98,NA,self,14.70,150,13.40,0,,1,2.0.0
23132,123,1,Left,123,123,00:32,13213-12-31,2026-06-10T08:19:06.858Z,1,12.97,NA,self,14.81,150,13.51,0,,1,2.0.0
23132,123,1,Left,123,123,00:32,13213-12-31,2026-06-10T08:19:06.951Z,1,5.63,NA,self,14.90,150,13.60,0,,1,2.0.0
23132,123,1,Left,123,123,00:32,13213-12-31,2026-06-10T08:19:07.059Z,1,26.09,NA,self,15.01,150,13.71,0,,1,2.0.0
23132,123,1,Left,123,123,00:32,13213-12-31,2026-06-10T08:19:07.155Z,1,18.98,NA,self,15.11,150,13.80,0,,1,2.0.0
23132,123,1,Left,123,123,00:32,13213-12-31,2026-06-10T08:19:07.259Z,1,35.94,NA,self,15.21,150,13.91,0,,1,2.0.0
23132,123,1,Left,123,123,00:32,13213-12-31,2026-06-10T08:19:07.359Z,1,27.19,NA,self,15.31,150,14.01,0,,1,2.0.0
23132,123,1,Left,123,123,00:32,13213-12-31,2026-06-10T08:19:07.452Z,1,31.48,NA,self,15.40,150,14.10,0,,1,2.0.0
23132,123,1,Left,123,123,00:32,13213-12-31,2026-06-10T08:19:07.561Z,1,56.88,NA,self,15.51,150,14.21,0,,1,2.0.0
23132,123,1,Left,123,123,00:32,13213-12-31,2026-06-10T08:19:07.655Z,1,70.31,NA,self,15.61,150,14.30,0,,1,2.0.0
23132,123,1,Left,123,123,00:32,13213-12-31,2026-06-10T08:19:07.761Z,1,79.45,NA,self,15.71,150,14.41,0,,1,2.0.0
23132,123,1,Left,123,123,00:32,13213-12-31,2026-06-10T08:19:07.850Z,1,77.03,NA,self,15.80,150,14.50,0,,1,2.0.0
23132,123,1,Left,123,123,00:32,13213-12-31,2026-06-10T08:19:07.951Z,1,71.41,NA,self,15.90,150,14.60,0,,1,2.0.0
23132,123,1,Left,123,123,00:32,13213-12-31,2026-06-10T08:19:08.060Z,1,93.91,NA,self,16.01,150,14.71,0,,1,2.0.0
23132,123,1,Left,123,123,00:32,13213-12-31,2026-06-10T08:19:08.156Z,1,88.75,NA,self,16.11,150,14.81,0,,1,2.0.0
23132,123,1,Left,123,123,00:32,13213-12-31,2026-06-10T08:19:08.260Z,1,88.75,NA,self,16.21,150,14.91,0,,1,2.0.0
23132,123,1,Left,123,123,00:32,13213-12-31,2026-06-10T08:19:08.356Z,1,99.84,NA,self,16.31,150,15.01,0,,1,2.0.0
23132,123,1,Left,123,123,00:32,13213-12-31,2026-06-10T08:19:08.460Z,1,87.50,NA,self,16.41,150,15.11,0,,1,2.0.0
23132,123,1,Left,123,123,00:32,13213-12-31,2026-06-10T08:19:08.562Z,1,90.70,NA,self,16.51,150,15.21,0,,1,2.0.0
23132,123,1,Left,123,123,00:32,13213-12-31,2026-06-10T08:19:08.650Z,1,82.42,NA,self,16.60,150,15.30,0,,1,2.0.0
23132,123,1,Left,123,123,00:32,13213-12-31,2026-06-10T08:19:08.760Z,1,67.03,NA,self,16.71,150,15.41,0,,1,2.0.0
23132,123,1,Left,123,123,00:32,13213-12-31,2026-06-10T08:19:08.855Z,1,45.47,NA,self,16.80,150,15.50,0,,1,2.0.0
23132,123,1,Left,123,123,00:32,13213-12-31,2026-06-10T08:19:08.961Z,1,16.33,NA,self,16.91,150,15.61,0,,1,2.0.0
23132,123,1,Left,123,123,00:32,13213-12-31,2026-06-10T08:19:09.057Z,1,10.23,NA,self,17.01,150,15.71,0,,1,2.0.0
23132,123,1,Left,123,123,00:32,13213-12-31,2026-06-10T08:19:09.151Z,1,28.28,NA,self,17.10,150,15.80,0,,1,2.0.0
23132,123,1,Left,123,123,00:32,13213-12-31,2026-06-10T08:19:09.259Z,1,21.02,NA,self,17.21,150,15.91,0,,1,2.0.0
23132,123,1,Left,123,123,00:32,13213-12-31,2026-06-10T08:19:09.356Z,1,17.42,NA,self,17.31,150,16.01,0,,1,2.0.0
23132,123,1,Left,123,123,00:32,13213-12-31,2026-06-10T08:19:09.461Z,1,18.28,NA,self,17.41,150,16.11,0,,1,2.0.0
23132,123,1,Left,123,123,00:32,13213-12-31,2026-06-10T08:19:09.561Z,1,12.81,NA,self,17.51,150,16.21,0,,1,2.0.0
23132,123,1,Left,123,123,00:32,13213-12-31,2026-06-10T08:19:09.652Z,1,19.77,NA,self,17.60,150,16.30,0,,1,2.0.0
23132,123,1,Left,123,123,00:32,13213-12-31,2026-06-10T08:19:09.759Z,1,16.09,NA,self,17.71,150,16.41,0,,1,2.0.0
23132,123,1,Left,123,123,00:32,13213-12-31,2026-06-10T08:19:09.855Z,1,68.75,NA,self,17.80,150,16.50,0,,1,2.0.0
23132,123,1,Left,123,123,00:32,13213-12-31,2026-06-10T08:19:09.959Z,1,78.52,NA,self,17.91,150,16.61,0,,1,2.0.0
23132,123,1,Left,123,123,00:32,13213-12-31,2026-06-10T08:19:10.058Z,1,91.33,NA,self,18.01,150,16.71,0,,1,2.0.0
23132,123,1,Left,123,123,00:32,13213-12-31,2026-06-10T08:19:10.152Z,1,93.44,NA,self,18.10,150,16.80,0,,1,2.0.0
23132,123,1,Left,123,123,00:32,13213-12-31,2026-06-10T08:19:10.259Z,1,88.91,NA,self,18.21,150,16.91,0,,1,2.0.0
23132,123,1,Left,123,123,00:32,13213-12-31,2026-06-10T08:19:10.354Z,1,86.95,NA,self,18.30,150,17.00,0,,1,2.0.0
23132,123,1,Left,123,123,00:32,13213-12-31,2026-06-10T08:19:10.459Z,1,95.23,NA,self,18.41,150,17.11,0,,1,2.0.0
23132,123,1,Left,123,123,00:32,13213-12-31,2026-06-10T08:19:10.556Z,1,81.95,NA,self,18.51,150,17.21,0,,1,2.0.0
23132,123,1,Left,123,123,00:32,13213-12-31,2026-06-10T08:19:10.661Z,1,81.95,NA,self,18.61,150,17.31,0,,1,2.0.0
23132,123,1,Left,123,123,00:32,13213-12-31,2026-06-10T08:19:10.758Z,1,87.11,NA,self,18.71,150,17.41,0,,1,2.0.0
23132,123,1,Left,123,123,00:32,13213-12-31,2026-06-10T08:19:10.851Z,1,82.73,NA,self,18.80,150,17.50,0,,1,2.0.0
23132,123,1,Left,123,123,00:32,13213-12-31,2026-06-10T08:19:10.960Z,1,76.88,NA,self,18.91,150,17.61,0,,1,2.0.0
23132,123,1,Left,123,123,00:32,13213-12-31,2026-06-10T08:19:11.055Z,1,64.38,NA,self,19.00,150,17.70,0,,1,2.0.0
23132,123,1,Left,123,123,00:32,13213-12-31,2026-06-10T08:19:11.162Z,1,41.64,NA,self,19.11,150,17.81,0,,1,2.0.0
23132,123,1,Left,123,123,00:32,13213-12-31,2026-06-10T08:19:11.254Z,1,14.84,NA,self,19.20,150,17.90,0,,1,2.0.0
23132,123,1,Left,123,123,00:32,13213-12-31,2026-06-10T08:19:11.360Z,1,18.13,NA,self,19.31,150,18.01,0,,1,2.0.0
23132,123,1,Left,123,123,00:32,13213-12-31,2026-06-10T08:19:11.461Z,1,21.25,NA,self,19.41,150,18.11,0,,1,2.0.0
23132,123,1,Left,123,123,00:32,13213-12-31,2026-06-10T08:19:11.552Z,1,12.97,NA,self,19.50,150,18.20,0,,1,2.0.0
23132,123,1,Left,123,123,00:32,13213-12-31,2026-06-10T08:19:11.661Z,1,15.63,NA,self,19.61,150,18.31,0,,1,2.0.0
23132,123,1,Left,123,123,00:32,13213-12-31,2026-06-10T08:19:11.752Z,1,10.63,NA,self,19.70,150,18.40,0,,1,2.0.0
23132,123,1,Left,123,123,00:32,13213-12-31,2026-06-10T08:19:11.860Z,1,22.11,NA,self,19.81,150,18.51,0,,1,2.0.0
23132,123,1,Left,123,123,00:32,13213-12-31,2026-06-10T08:19:11.952Z,1,16.95,NA,self,19.90,150,18.60,0,,1,2.0.0
23132,123,1,Left,123,123,00:32,13213-12-31,2026-06-10T08:19:12.054Z,1,35.23,NA,self,20.00,150,18.70,0,,1,2.0.0
23132,123,1,Left,123,123,00:32,13213-12-31,2026-06-10T08:19:12.161Z,1,67.19,NA,self,20.11,150,18.81,0,,1,2.0.0
23132,123,1,Left,123,123,00:32,13213-12-31,2026-06-10T08:19:12.251Z,1,75.16,NA,self,20.20,150,18.90,0,,1,2.0.0
23132,123,1,Left,123,123,00:32,13213-12-31,2026-06-10T08:19:12.351Z,1,83.59,NA,self,20.30,150,19.00,0,,1,2.0.0
23132,123,1,Left,123,123,00:32,13213-12-31,2026-06-10T08:19:12.451Z,1,75.00,NA,self,20.40,150,19.10,0,,1,2.0.0
23132,123,1,Left,123,123,00:32,13213-12-31,2026-06-10T08:19:12.551Z,1,75.00,NA,self,20.50,150,19.20,0,,1,2.0.0
23132,123,1,Left,123,123,00:32,13213-12-31,2026-06-10T08:19:12.662Z,1,83.05,NA,self,20.61,150,19.31,0,,1,2.0.0
23132,123,1,Left,123,123,00:32,13213-12-31,2026-06-10T08:19:12.752Z,1,77.03,NA,self,20.70,150,19.40,0,,1,2.0.0
23132,123,1,Left,123,123,00:32,13213-12-31,2026-06-10T08:19:12.859Z,1,82.73,NA,self,20.81,150,19.51,0,,1,2.0.0
23132,123,1,Left,123,123,00:32,13213-12-31,2026-06-10T08:19:12.954Z,1,73.36,NA,self,20.90,150,19.60,0,,1,2.0.0
23132,123,1,Left,123,123,00:32,13213-12-31,2026-06-10T08:19:13.060Z,1,76.88,NA,self,21.01,150,19.71,0,,1,2.0.0
23132,123,1,Left,123,123,00:32,13213-12-31,2026-06-10T08:19:13.156Z,1,68.44,NA,self,21.11,150,19.81,0,,1,2.0.0
23132,123,1,Left,123,123,00:32,13213-12-31,2026-06-10T08:19:13.259Z,1,53.28,NA,self,21.21,150,19.91,0,,1,2.0.0
23132,123,1,Left,123,123,00:32,13213-12-31,2026-06-10T08:19:13.357Z,1,32.11,NA,self,21.31,150,20.01,0,,1,2.0.0
23132,123,1,Left,123,123,00:32,13213-12-31,2026-06-10T08:19:13.451Z,1,17.66,NA,self,21.40,150,20.10,0,,1,2.0.0
23132,123,1,Left,123,123,00:32,13213-12-31,2026-06-10T08:19:13.560Z,1,21.41,NA,self,21.51,150,20.21,0,,1,2.0.0
23132,123,1,Left,123,123,00:32,13213-12-31,2026-06-10T08:19:13.652Z,1,35.78,NA,self,21.60,150,20.30,0,,1,2.0.0
23132,123,1,Left,123,123,00:32,13213-12-31,2026-06-10T08:19:13.753Z,1,40.00,NA,self,21.70,150,20.40,0,,1,2.0.0
23132,123,1,Left,123,123,00:32,13213-12-31,2026-06-10T08:19:13.855Z,1,56.48,NA,self,21.80,150,20.50,0,,1,2.0.0
23132,123,1,Left,123,123,00:32,13213-12-31,2026-06-10T08:19:13.960Z,1,56.72,NA,self,21.91,150,20.61,0,,1,2.0.0
23132,123,1,Left,123,123,00:32,13213-12-31,2026-06-10T08:19:14.054Z,1,55.86,NA,self,22.00,150,20.70,0,,1,2.0.0
23132,123,1,Left,123,123,00:32,13213-12-31,2026-06-10T08:19:14.161Z,1,47.19,NA,self,22.11,150,20.81,0,,1,2.0.0
23132,123,1,Left,123,123,00:32,13213-12-31,2026-06-10T08:19:14.256Z,1,44.84,NA,self,22.21,150,20.91,0,,1,2.0.0
23132,123,1,Left,123,123,00:32,13213-12-31,2026-06-10T08:19:14.361Z,1,46.56,NA,self,22.31,150,21.01,0,,1,2.0.0
23132,123,1,Left,123,123,00:32,13213-12-31,2026-06-10T08:19:14.458Z,1,44.53,NA,self,22.41,150,21.11,0,,1,2.0.0
23132,123,1,Left,123,123,00:32,13213-12-31,2026-06-10T08:19:14.552Z,1,44.53,NA,self,22.50,150,21.20,0,,1,2.0.0
23132,123,1,Left,123,123,00:32,13213-12-31,2026-06-10T08:19:14.660Z,1,44.53,NA,self,22.61,150,21.31,0,,1,2.0.0
23132,123,1,Left,123,123,00:32,13213-12-31,2026-06-10T08:19:14.754Z,1,44.53,NA,self,22.70,150,21.40,0,,1,2.0.0
23132,123,1,Left,123,123,00:32,13213-12-31,2026-06-10T08:19:14.863Z,1,44.53,NA,self,22.81,150,21.51,0,,1,2.0.0
23132,123,1,Left,123,123,00:32,13213-12-31,2026-06-10T08:19:14.956Z,1,44.53,NA,self,22.91,150,21.61,0,,1,2.0.0
23132,123,1,Left,123,123,00:32,13213-12-31,2026-06-10T08:19:15.066Z,1,44.53,NA,self,23.02,150,21.71,0,,1,2.0.0
23132,123,1,Left,123,123,00:32,13213-12-31,2026-06-10T08:19:15.161Z,1,44.53,NA,self,23.11,150,21.81,0,,1,2.0.0
23132,123,1,Left,123,123,00:32,13213-12-31,2026-06-10T08:19:15.251Z,1,44.53,NA,self,23.20,150,21.90,0,,1,2.0.0
23132,123,1,Left,123,123,00:32,13213-12-31,2026-06-10T08:19:15.359Z,1,44.53,NA,self,23.31,150,22.01,0,,1,2.0.0
23132,123,1,Left,123,123,00:32,13213-12-31,2026-06-10T08:19:15.450Z,1,44.53,NA,self,23.40,150,22.10,0,,1,2.0.0
23132,123,1,Left,123,123,00:32,13213-12-31,2026-06-10T08:19:15.560Z,1,44.53,NA,self,23.51,150,22.21,0,,1,2.0.0
23132,123,1,Left,123,123,00:32,13213-12-31,2026-06-10T08:19:15.654Z,1,44.53,NA,self,23.60,150,22.30,0,,1,2.0.0
23132,123,1,Left,123,123,00:32,13213-12-31,2026-06-10T08:19:15.759Z,1,44.53,NA,self,23.71,150,22.41,0,,1,2.0.0
23132,123,1,Left,123,123,00:32,13213-12-31,2026-06-10T08:19:15.856Z,1,44.84,NA,self,23.81,150,22.51,0,,1,2.0.0
23132,123,1,Left,123,123,00:32,13213-12-31,2026-06-10T08:19:15.954Z,1,45.00,NA,self,23.90,150,22.60,0,,1,2.0.0
23132,123,1,Left,123,123,00:32,13213-12-31,2026-06-10T08:19:16.057Z,1,46.02,NA,self,24.01,150,22.71,0,,1,2.0.0
23132,123,1,Left,123,123,00:32,13213-12-31,2026-06-10T08:19:16.161Z,1,46.56,NA,self,24.11,150,22.81,0,,1,2.0.0
23132,123,1,Left,123,123,00:32,13213-12-31,2026-06-10T08:19:16.260Z,1,47.89,NA,self,24.21,150,22.91,0,,1,2.0.0
23132,123,1,Left,123,123,00:32,13213-12-31,2026-06-10T08:19:16.355Z,1,49.22,NA,self,24.30,150,23.00,0,,1,2.0.0
23132,123,1,Left,123,123,00:32,13213-12-31,2026-06-10T08:19:16.458Z,1,51.33,NA,self,24.41,150,23.11,0,,1,2.0.0
23132,123,1,Left,123,123,00:32,13213-12-31,2026-06-10T08:19:16.551Z,1,53.28,NA,self,24.50,150,23.20,0,,1,2.0.0
23132,123,1,Left,123,123,00:32,13213-12-31,2026-06-10T08:19:16.651Z,1,54.69,NA,self,24.60,150,23.30,0,,1,2.0.0
23132,123,1,Left,123,123,00:32,13213-12-31,2026-06-10T08:19:16.761Z,1,55.94,NA,self,24.71,150,23.41,0,,1,2.0.0
23132,123,1,Left,123,123,00:32,13213-12-31,2026-06-10T08:19:16.854Z,1,58.83,NA,self,24.80,150,23.50,0,,1,2.0.0
23132,123,1,Left,123,123,00:32,13213-12-31,2026-06-10T08:19:16.959Z,1,63.28,NA,self,24.91,150,23.61,0,,1,2.0.0
23132,123,1,Left,123,123,00:32,13213-12-31,2026-06-10T08:19:17.054Z,1,67.03,NA,self,25.00,150,23.70,0,,1,2.0.0
23132,123,1,Left,123,123,00:32,13213-12-31,2026-06-10T08:19:17.160Z,1,69.77,NA,self,25.11,150,23.81,0,,1,2.0.0
23132,123,1,Left,123,123,00:32,13213-12-31,2026-06-10T08:19:17.254Z,1,75.00,NA,self,25.20,150,23.90,0,,1,2.0.0
23132,123,1,Left,123,123,00:32,13213-12-31,2026-06-10T08:19:17.351Z,1,78.91,NA,self,25.30,150,24.00,0,,1,2.0.0
23132,123,1,Left,123,123,00:32,13213-12-31,2026-06-10T08:19:17.455Z,1,78.83,NA,self,25.41,150,24.10,0,,1,2.0.0
23132,123,1,Left,123,123,00:32,13213-12-31,2026-06-10T08:19:17.564Z,1,78.83,NA,self,25.51,150,24.21,0,,1,2.0.0
23132,123,1,Left,123,123,00:32,13213-12-31,2026-06-10T08:19:17.658Z,1,78.83,NA,self,25.61,150,24.31,0,,1,2.0.0
23132,123,1,Left,123,123,00:32,13213-12-31,2026-06-10T08:19:17.752Z,1,78.83,NA,self,25.70,150,24.40,0,,1,2.0.0
23132,123,1,Left,123,123,00:32,13213-12-31,2026-06-10T08:19:17.861Z,1,78.83,NA,self,25.81,150,24.51,0,,1,2.0.0
23132,123,1,Left,123,123,00:32,13213-12-31,2026-06-10T08:19:17.955Z,1,78.83,NA,self,25.91,150,24.60,0,,1,2.0.0
23132,123,1,Left,123,123,00:32,13213-12-31,2026-06-10T08:19:18.064Z,1,78.83,NA,self,26.01,150,24.71,0,,1,2.0.0
23132,123,1,Left,123,123,00:32,13213-12-31,2026-06-10T08:19:18.157Z,1,78.83,NA,self,26.11,150,24.81,0,,1,2.0.0
23132,123,1,Left,123,123,00:32,13213-12-31,2026-06-10T08:19:18.250Z,1,78.83,NA,self,26.20,150,24.90,0,,1,2.0.0
23132,123,1,Left,123,123,00:32,13213-12-31,2026-06-10T08:19:18.360Z,1,78.83,NA,self,26.31,150,25.01,0,,1,2.0.0
23132,123,1,Left,123,123,00:32,13213-12-31,2026-06-10T08:19:18.453Z,1,78.83,NA,self,26.40,150,25.10,0,,1,2.0.0
23132,123,1,Left,123,123,00:32,13213-12-31,2026-06-10T08:19:18.564Z,1,78.83,NA,self,26.51,150,25.21,0,,1,2.0.0
23132,123,1,Left,123,123,00:32,13213-12-31,2026-06-10T08:19:18.657Z,1,78.83,NA,self,26.61,150,25.31,0,,1,2.0.0
23132,123,1,Left,123,123,00:32,13213-12-31,2026-06-10T08:19:18.751Z,1,78.83,NA,self,26.70,150,25.40,0,,1,2.0.0
23132,123,1,Left,123,123,00:32,13213-12-31,2026-06-10T08:19:18.861Z,1,78.83,NA,self,26.81,150,25.51,0,,1,2.0.0
23132,123,1,Left,123,123,00:32,13213-12-31,2026-06-10T08:19:18.952Z,1,78.83,NA,self,26.90,150,25.60,0,,1,2.0.0
23132,123,1,Left,123,123,00:32,13213-12-31,2026-06-10T08:19:19.054Z,1,78.83,NA,self,27.00,150,25.70,0,,1,2.0.0
23132,123,1,Left,123,123,00:32,13213-12-31,2026-06-10T08:19:19.153Z,1,78.83,NA,self,27.10,150,25.80,0,,1,2.0.0
23132,123,1,Left,123,123,00:32,13213-12-31,2026-06-10T08:19:19.250Z,1,78.75,NA,self,27.20,150,25.90,0,,1,2.0.0
23132,123,1,Left,123,123,00:32,13213-12-31,2026-06-10T08:19:19.350Z,1,78.75,NA,self,27.30,150,26.00,0,,1,2.0.0
23132,123,1,Left,123,123,00:32,13213-12-31,2026-06-10T08:19:19.451Z,1,78.91,NA,self,27.40,150,26.10,0,,1,2.0.0
23132,123,1,Left,123,123,00:32,13213-12-31,2026-06-10T08:19:19.560Z,1,79.84,NA,self,27.51,150,26.21,0,,1,2.0.0
23132,123,1,Left,123,123,00:32,13213-12-31,2026-06-10T08:19:19.653Z,1,80.63,NA,self,27.60,150,26.30,0,,1,2.0.0
23132,123,1,Left,123,123,00:32,13213-12-31,2026-06-10T08:19:19.760Z,1,80.63,NA,self,27.71,150,26.41,0,,1,2.0.0
23132,123,1,Left,123,123,00:32,13213-12-31,2026-06-10T08:19:19.856Z,1,78.28,NA,self,27.81,150,26.51,0,,1,2.0.0
23132,123,1,Left,123,123,00:32,13213-12-31,2026-06-10T08:19:19.961Z,1,69.92,NA,self,27.91,150,26.61,0,,1,2.0.0
23132,123,1,Left,123,123,00:32,13213-12-31,2026-06-10T08:19:20.054Z,1,64.45,NA,self,28.00,150,26.70,0,,1,2.0.0
23132,123,1,Left,123,123,00:32,13213-12-31,2026-06-10T08:19:20.151Z,1,52.58,NA,self,28.10,150,26.80,0,,1,2.0.0
23132,123,1,Left,123,123,00:32,13213-12-31,2026-06-10T08:19:20.250Z,1,46.41,NA,self,28.20,150,26.90,0,,1,2.0.0
23132,123,1,Left,123,123,00:32,13213-12-31,2026-06-10T08:19:20.354Z,1,46.72,NA,self,28.30,150,27.00,0,,1,2.0.0
23132,123,1,Left,123,123,00:32,13213-12-31,2026-06-10T08:19:20.458Z,1,48.75,NA,self,28.41,150,27.11,0,,1,2.0.0
23132,123,1,Left,123,123,00:32,13213-12-31,2026-06-10T08:19:20.560Z,1,49.69,NA,self,28.51,150,27.21,0,,1,2.0.0
23132,123,1,Left,123,123,00:32,13213-12-31,2026-06-10T08:19:20.651Z,1,51.48,NA,self,28.60,150,27.30,0,,1,2.0.0
23132,123,1,Left,123,123,00:32,13213-12-31,2026-06-10T08:19:20.751Z,1,49.77,NA,self,28.70,150,27.40,0,,1,2.0.0
23132,123,1,Left,123,123,00:32,13213-12-31,2026-06-10T08:19:20.856Z,1,49.53,NA,self,28.81,150,27.51,0,,1,2.0.0
23132,123,1,Left,123,123,00:32,13213-12-31,2026-06-10T08:19:20.952Z,1,49.69,NA,self,28.90,150,27.60,0,,1,2.0.0
23132,123,1,Left,123,123,00:32,13213-12-31,2026-06-10T08:19:21.051Z,1,50.00,NA,self,29.00,150,27.70,0,,1,2.0.0
23132,123,1,Left,123,123,00:32,13213-12-31,2026-06-10T08:19:21.151Z,1,50.16,NA,self,29.10,150,27.80,0,,1,2.0.0
23132,123,1,Left,123,123,00:32,13213-12-31,2026-06-10T08:19:21.251Z,1,50.16,NA,self,29.20,150,27.90,0,,1,2.0.0
23132,123,1,Left,123,123,00:32,13213-12-31,2026-06-10T08:19:21.352Z,1,50.16,NA,self,29.30,150,28.00,0,,1,2.0.0
23132,123,1,Left,123,123,00:32,13213-12-31,2026-06-10T08:19:21.459Z,1,50.31,NA,self,29.41,150,28.11,0,,1,2.0.0
23132,123,1,Left,123,123,00:32,13213-12-31,2026-06-10T08:19:21.553Z,1,50.39,NA,self,29.50,150,28.20,0,,1,2.0.0
23132,123,1,Left,123,123,00:32,13213-12-31,2026-06-10T08:19:21.661Z,1,50.39,NA,self,29.61,150,28.31,0,,1,2.0.0
23132,123,1,Left,123,123,00:32,13213-12-31,2026-06-10T08:19:21.750Z,1,50.39,NA,self,29.70,150,28.40,0,,1,2.0.0
23132,123,1,Left,123,123,00:32,13213-12-31,2026-06-10T08:19:21.853Z,1,50.31,NA,self,29.80,150,28.50,0,,1,2.0.0
23132,123,1,Left,123,123,00:32,13213-12-31,2026-06-10T08:19:21.956Z,1,50.23,NA,self,29.91,150,28.61,0,,1,2.0.0
23132,123,1,Left,123,123,00:32,13213-12-31,2026-06-10T08:19:22.065Z,1,50.23,NA,self,30.02,150,28.71,0,,1,2.0.0
